Player,Pos,Spells,Handoffs,c_in_all_spells,Loss_rate,Retention_residual,c_in_handoffs,c_out_handoffs,dc_handoffs,Progression_m,dv_xT,Permutable_share
Palacios,CM,1818,1629,0.1787,0.0781,0.1006,0.171,0.19,-0.0189,2.401,0.0012,1.0
Xhaka,CM,2983,2677,0.1749,0.0818,0.0931,0.1694,0.2016,-0.0322,3.766,0.00127,1.0
Tah,CB,1817,1743,0.1161,0.0253,0.0908,0.1118,0.1663,-0.0544,8.425,0.00122,1.0
Grimaldo,WB,1704,1334,0.2701,0.1819,0.0881,0.2537,0.2267,0.0271,-1.58,0.00354,1.0
Hincapié,CB,1238,1121,0.1656,0.0775,0.088,0.1541,0.1976,-0.0434,6.035,0.00123,1.0
Stanišić,CB,879,778,0.1877,0.1001,0.0876,0.1787,0.2053,-0.0266,3.401,0.00203,1.0
Hofmann,AM/W,1371,1055,0.2731,0.186,0.0871,0.2552,0.224,0.0312,-1.868,0.00178,0.977
Adli,AM/W,477,319,0.3306,0.2495,0.0811,0.2998,0.2416,0.0582,-0.882,0.00345,1.0
Andrich,CM,1250,1126,0.1624,0.0816,0.0808,0.152,0.182,-0.03,3.752,0.00135,1.0
Tapsoba,CB,1618,1498,0.1344,0.0674,0.067,0.128,0.1945,-0.0665,9.321,0.00184,1.0
Kossonou,CB,1164,1022,0.1658,0.1143,0.0516,0.1572,0.1989,-0.0417,5.019,0.00172,1.0
Wirtz,AM/W,1849,1325,0.2805,0.2385,0.042,0.2647,0.2538,0.0109,2.091,0.00352,0.929
Schick,FW,297,154,0.3678,0.3367,0.0311,0.3482,0.2409,0.1074,-1.75,-0.00126,0.542
Tella,WB,337,212,0.3084,0.2967,0.0117,0.2847,0.2331,0.0517,-1.316,0.00613,1.0
Frimpong,WB,981,608,0.3176,0.3078,0.0097,0.2939,0.2297,0.0642,-0.916,0.00578,1.0
Boniface,FW,544,239,0.3413,0.4191,-0.0778,0.3074,0.2346,0.0728,-1.485,0.0024,0.412
